Post;is_mandrill
[blog] Using Nullmailer and Mandrill for your Ubuntu Linux server outboud mail:  http://bit.ly/ZjHOk7  #plone;1
[blog] Using Postfix and free Mandrill email service for SMTP on Ubuntu Linux server:  http://bit.ly/11HmDZz  #plone;1
@aalbertson There are several reasons emails go to spam. Mind submitting a request at http://help.mandrill.com  with additional details?;1
@adrienneleigh I just switched it over to Mandrill, let's see if that improve the speed at which the emails are sent.;1
@ankeshk +1 to @mailchimp We use MailChimp for marketing emails and their Mandrill app for txn emails... @sampad @abhijeetmk @hiway;1
@biggoldring That error may occur if unsupported auth method used. Can you email us via http://help.mandrill.com  so we can get details?;1
@BlueHayes mind sending us some details about your account via http://help.mandrill.com  ? Things look correct here but we may need some detail;1
@cemsisman It can vary, but if sending really low volumes, may not be worth it. Can offer detail - submit request at http://help.mandrill.com ;1
@compactcode Have you checked out Mandrill (@mandrillapp)? It's a transactional email service that runs ... https://longreply.com/r/66c91ea4 ;1
@devongovett I'm using Mandrill, but been saving issues with some domains getting blocked with no bounce message. Very hard to debug.;1
@devongovett Mandrill seems pretty cheap (by Mailchimp);1
@dzuelke The option to set up the Mandrill integration is only available to the account owner. If you ar... https://longreply.com/r/5c31a7d7 ;1
@dzuelke You should be able to login to the Mandrill account directly by using the same username and pas... https://longreply.com/r/2f58968b ;1
@edocr Can you send an email via http://help.mandrill.com with details about what page is crashing and where you're seeing issues?;1
@eladlouni Et oui, Mandrill est moins cher, mais idem : ils ne permettent pas de gérer des listes de contact par exemple... @camj59;1
@eladlouni La raison : Mandrill = Mailchimp, et ils ne veulent pas cannibaliser... @camj59;1
@eladlouni Mandrill = pas de list management par ex. (ils ne veulent pas tuer Mailchimp qui est 30 à 40 fois plus cher ! cc @camj59;1
@Elie__ @camj59 jparle de relai SMTP!1 million de mail chez mandrill / mois comparé à 1 million sur lite sendgrid y a pas photo avec mailjet;1
@Elie__ @camj59 mandrill! Sendgrid! Sans parler d'amazon;1
@EricCandino They're unfortunately not for sale but drop us a line via http://help.mandrill.com  and we'll see what we can find!;1
@Flo_Rian Not seeing overall sending issues, but we'd want to look at your account - can you submit a request via http://help.mandrill.com  ?;1
@frankioh @sinue mmm no. Mandrill y Sendgrid son + bien p/emails transaccionales. Mailchimp es + bien p/mkt. Admon de listas de dist. y tal.;1
@gidogeek You can see what we've been working on and get a general idea of our plans at http://blog.mandrill.com  Updates posted every Friday!;1
@guillaumepotier There are several reasons emails go to spam. Mind submitting a request at http://help.mandrill.com  with additional details?;1
@icntmx Yep! We'd be glad to. Would you mind submitting a request at http://help.mandrill.com ?;1
@JeremyWeir If you submit a request at http://help.mandrill.com , we'll get back to you with some ideas and help brainstorm if needed!;1
@josscrowcroft Mind submitting a request via http://help.mandrill.com  with some additional details so we can help troubleshoot?;1
@juanpabloaj Official clients have inline doc info but our support team can help with examples too - submit a request http://help.mandrill.com ;1
@kanonbulle No issues delivering to the Hotmail domain currently. Mind submitting a request at http://help.mandrill.com  w/ account details?;1
@kennydude @devongovett Yeah, Mandrill is well worth a look.;1
@kennyfraser Already cleaned up client & delisted IP, but #enginehosting support can share some alternatives like http://mandrill.com  too;1
@khiger вот сервис http://mandrill.com/ ;1
@ljharb When I looked last year, Mandrill’s pricing and API was a bit confusing, but it now seems to have straightened out excellently.;1
@mandrill Realised I did that about 5 seconds after hitting send!;1
@mandrillapp could you add the defaults (if any) to your SMTP header docs? http://help.mandrill.com/entries/21688056-Using-SMTP-Headers-to-customize-your-messages … Thanks!;1
@mandrillapp increases scalability ( http://bit.ly/14myVuH  ) then decreases pricing ( http://bit.ly/13uJA7s  ) #selfinducedcannibalization;1
@mandrillapp There are some issues with your mandrill npm module. What's your preferred way of documenting bugs and issues?;1
@mandrillapp tried refreshing, the link (line 184 on the homepage) goes here http://help.mandrill.com/forums/20689696-smtp-integration …;1
@mandrillapp we cannot even find out the last email sent to, as mandrill page crashes when enquiring;1
@mandrillapp yeap! that's what I meant throttling - throttling before it gets to Mandrill;1
@manojranaweera Looks like bulk increasing volume considerably. Our support team can help with tips to manage warmup: http://help.mandrill.com ;1
@marcelosomers @nathansmith FWIW we dumped Postmark in favor of Mandrill. Highly recommended for transactional email.;1
@masuga Use a service like Mandrill not EE mail.;1
@matt_pickett if u want to reach out to other Mailchimp/Mandrill users try: http://awe.sm/r0jHw  http://awe.sm/eEBZ1 ;1
@mattwdelong Mind submitting a request at http://help.mandrill.com with your username and workflow so we can investigate?;1
@meeiw @henrik @mnordin håller själv på med en för mandrill. Har ni tittat på: https://github.com/aceofspades/sendgrid_postback …;1
@michaelmior If you're looking to sync unsubscribed addresses with both MailChimp and Mandrill, the best... https://longreply.com/r/1445d273 ;1
@nathanbowser Mind submitting a request with details at http://help.mandrill.com ? We're glad to have a look!;1
@nathansmith For production, Mailchimp seems to have a good transactional email system as well: http://mandrill.com/ ;1
@reevesman Mandrill is a transactional e-mail service designed to send customized one-to-one e-mails lik... https://longreply.com/r/8c906b44 ;1
@reubenpressman @tinyletter you can use @mandrillapp to do that! http://eepurl.com/oDbf5 ;1
@richaskew Can you give us some details about where you're seeing that? Submit a request at http://help.mandrill.com ;1
@rodbegbie You'd probably have more success with @mandrillapp. I'm not the best postman, I get lost very easily.;1
@rossdeane Mind submitting a request at http://help.mandrill.com with account details if you haven't already? Glad to take a look!;1
@SanjuBhambhani No issues currently. Mind submitting a request at http://help.mandrill.com with account information and details?;1
@Sinue depende de lo que necesites, para simple esta mandrill;1
@Sinue el equivalente de sengrid es mailchip. Mandrill es mas un smtp y tu dices en que url mande la info de las aperturas, click, etc;1
@Tamiyadd If you haven't already, can you submit a request at http://help.mandrill.com  with account details so we can take a look?;1
@thatmarvin We use a custom algorithm for inlining CSS specifically for Mandrill;1
@traskjd they ‘migrate’ everything to Mandrill?;1
@treize2 No general issues. Can you give us more detail of the error(s) you're seeing? Can send more detail via http://help.mandrill.com , too;1
@variuxdavid Possibly, depends on what you're looking to do exactly. Mind submitting a request at http://help.mandrill.com  with more details?;1
@veroapp Any chance you'll be adding Mandrill support to Vero?;1
@wesbos Mandrill is good but I've noticed a lack of attention to detail on @MailChimp's secondary properties (i.e. TinyLetter);1
#freelance #Jobs Mandrill Template design and strategy implementation by eshuys: Hi there,     I have just had... http://bit.ly/Xy4VJw ;1
#HowTo access @mandrillapp by @mailchimp for sending transactional emails with your website http://ow.ly/jJaDg ;1
#InternetMarketing Mandrill Template design and strategy implementation by eshuys: Hi there,     I have just h... http://bit.ly/118UsEd ;1
#job #freelance Mandrill Template design and strategy implementation by eshuys: Hi there,     I have just had ... http://adf.ly/M0jIC ;1
#Job Integrate Mandrill or Send Grid with Ecommerce Store by kate281: We want to push all transactional e... http://bit.ly/11HtHa9  #php;1
#job Mandrill Template design and strategy implementation by eshuys: Hi there,     I have... http://bit.ly/123HNFe  #freelancer #project;1
#Job Mandrill Webhooks Interspire For Bounce Processing Integration by sanu1255: We have a set up of Inte... http://bit.ly/YH6XHT  #php;1
#jobs PHP Developer with Bullhorn API and Mandrill Experience Needed | Elance Job: We have built a job listing... http://bit.ly/Xg24EK ;1
#jobs4u #jobs Mandrill Customer-Support Geek http://bit.ly/18d2eND  #ATL #atlanta #GA;1
#Mandrill is cool! Would probably be using this to SMTP based approach for sending transactional emails from now on. ;1
#MySql Mandrill Webhooks Interspire For Bounce Processing Integration by sanu1255: We have a set up of Intersp... http://bit.ly/YH7qtF ;1
#Newsletters in #WordPress – Use #SendGrid or #Mandrill by @chrislema http://bit.ly/12R8USh  #wp #plugins #plugin;1
#PhotoshopDesign. Mandrill Template design and strategy implementation by eshuys: Hi there,     I have just ha... http://bit.ly/118UsEd ;1
#PHP Integrate Mandrill or Send Grid with Ecommerce Store by kate281: We want to push all transactional email ... http://bit.ly/10wBvdy ;1
#Templates Mandrill Template design and strategy implementation by eshuys: Hi there,     I have just had ... http://bit.ly/ZTADzB  #Job;1
#wcmelb question: anyone integrated Mandrill with #BuddyPress ?;1
#wcmelb question: how to integrate wp_mail() with MailChimp's Mandrill?;1
After looking at its website, not sure what @MailChimp's Mandrill does, but gosh darn its #logo is nice. #design pic.twitter.com/9OEGuXGJ4T;1
And we're live! Come hear @levelos talk about using MailChimp and Mandrill for newsletters in #Drupal! http://bit.ly/ZAWI4I ;1
arrays would seem to be a portion of the solution. but its an area I don't know much about http://jsfiddle.net/mandrill/GAwTw/4/ … #javascript;1
At what point do I give up on @SendGrid and switch over to Mandrill? http://mandrill.com/ ;1
Can anyone tell me why this isn't working? http://jsfiddle.net/mandrill/K8EBE/3/ … #javascript #jquery;1
Check out what we've been up to this week, including a pricing change: http://blog.mandrill.com/friday-notes-2013-03-08.html …;1
De l'email transactionnel facile et pas cher avec #Mandrill et #Redhen sous #Drupal : http://bit.ly/Z5e5wa  - Yep.;1
For ppl looking to switch from Sendgrid, there's Mandrill from Mailchimp. Up to 12K emails/mo $0. http://mandrill.com  (cc: @myShoggoth);1
Found this @mandrillapp knowledge base article on inbound email webhooks useful. Works well. Biased recommendation++. http://help.mandrill.com/entries/22092308-what-is-the-format-of-inbound-email-webhooks …;1
"From Coworker about using Mandrill:  ""I would entrust email handling to a Pokemon"".";1
Guys,buat email wordpress,enakan Sendgrid atau Mandrill?;1
Holy shit. It’s here. http://www.mandrill.com/ ;1
http://mandrill.com  Estimated Traffic Net Worth $97,943 http://www.Freewebsitereport.org/www.mandrill.com …;1
If any #eecms devs out there develop with MAMP Pro, these are settings you need to send emails via Mandrill. https://www.evernote.com/shard/s9/sh/f6377f27-aa93-48f4-a9dc-4b10adfdf43f/dec196d3e531c3dfff1ceaed8a21452c/res/bc74b49c-e724-4b29-abfb-cb82032732c0/skitch.png …;1
In light of the @sendgrid fiasco it seems like a good day to make an inappropriate sexual joke about the competing service called “ManDrill”;1
Integrate Mandrill or Send Grid with Ecommerce Store by kate281 http://bit.ly/10JzwTc  #freelance;1
Internet-Marketing Mandrill Template design and strategy implementation by eshuys: Hi there,     I have just h... http://bit.ly/ZTBPTB ;1
Jo tak to bylo trapny, no:) https://github.com/fabiancz/mandrill-nette/commit/d3eb22c0ca99651a7abfc380d7b47253bbb4832e … Jdu radsi spat. #dev;1
Just a quick PSA:  http://mandrill.com  is awesome if you need email send/receive services for your app.;1
Just love @mandrillapp transactional email service - http://mandrill.com Sorry @SendGrid and @mailjet #timetomoveon;1
Looking for Designer Mandrill Webhooks #Interspire For Bounce Processing Integration by… http://goo.gl/fb/6gXM3 ;1
Looking into swapping out @Sendgrid with @Mandrill for Sōsh emails. Anyone done this? Any words of warning?;1
Looking to send #transactional (one-to-one, triggered email from apps)? MailChimp's new product, Mandrill... smtp free;1
Maldito Gmail que fica pedindo login pela web com captcha para email automático de um sistema. Vou testar o Mandrill http://help.mandrill.com/entries/21738467-Using-Mandrill-s-SMTP-integration-with-Web-Frameworks …;1
mandrill (0.0.3): http://is.gd/LTn1aY  Ruby gem for interacting with the Mandrill API.;1
mandrill 1.0.22: A CLI client and Python API library for the Mandrill email as a service platform. http://bit.ly/160NKQ3 ;1
mandrill 1.0.29: A CLI client and Python API library for the Mandrill email as a service platform. http://bit.ly/161vNVJ ;1
Mandrill API – An alternate to SMTP and SendMail Email Transport: We live in the world where Cloud Computing a... http://bit.ly/12ThlLY;1
Mandrill Template design and strategy implementation by eshuys http://bit.ly/ZTBpwt  #freelance;1
Mandrill Template design and strategy implementation by eshuys: Hi there,     I have just had... http://bit.ly/125h1bH  #freelance #jobs;1
Mandrill Webhooks #Interspire For Bounce Processing Integration by sanu1255… http://goo.gl/fb/XOPpn  #freelance #job;1
Mandrill Webhooks Interspire For Bounce Processing Integration by sanu1255 http://bit.ly/118ybVg  #Job #career #freelance;1
mandrill-api (1.0.19): http://npmjs.org/package/mandrill-api … The official API client for the Mandrill email as a service product.;1
mandrill-api (1.0.25): http://is.gd/wKfRyo  A Ruby API library for the Mandrill email as a service platform.;1
mandrill-rails (0.0.4): http://is.gd/nobiJe  Rails integration for Mandrill;1
Measuring Transactional Email Performance with Mandrill - http://goo.gl/qaGX2;1
Modules Unraveled: 053 Using Mailchimp and Mandrill to Send Newsletters in Drupal with Lev T... http://bit.ly/148Jf4M  via @DrupalPlanet;1
Modules Unraveled: 053 Using Mailchimp and Mandrill to Send Newsletters in Drupal with Lev Tsypin - Mo... http://bit.ly/YO8iuu  #drupal;1
Modules Unraveled: 053 Using Mailchimp and Mandrill to Send Newsletters in Drupal with Lev Tsypin - Modules Un... http://bit.ly/XrAhyS ;1
New from @ChrisLema: Newsletters in WordPress  Use SendGrid or Mandrill http://ht.ly/2wtD1T ;1
Newsletters in WordPress - Use SendGrid or Mandrill http://goo.gl/KMGdg  via @chrislema;1
Newsletters in WordPress – Use SendGrid or Mandrill: If you're pushing out newsletters in WordPress? Here are ... http://clema.cc/ZET0L3 ;1
Nice.. http://www.mandrill.com ;1
Ótima ferramenta para envio de e-mails automáticos em sistemas (confirmação, esqueci senha, notificações...): http://mandrill.com ;1
Our love affair with transaction emails from CritSend to SendGrid to Mandrill: When we started edocr.co... http://bit.ly/10cOuon  #edocr;1
Our new subscriber profile page: activity timeline, aggregate engagement stats, and Mandrill integratio #BJCBranding http://bit.ly/13waU5c ;1
Parse Partners with MailChimp to Bring Power of Mandrill Email API to Parse-Powered Apps http://bit.ly/UNtj4n ;1
progress, of a sort :/  http://jsfiddle.net/mandrill/GAwTw/2/ … I'm thinking an array might be needed, was trying to avoid :/ #javascript;1
Psyched that @MailChimp just dropped the prices of Mandrill (their SendGrid  Amazon SES competitor). Ready to rock http://blog.mailchimp.com/unifying-mandrill-and-mailchimp-data/ …;1
Released a couple of updates to Escort this week (some Mandrill and PostageApp fixes). 3rd-party email for #eecms: http://devot-ee.com/add-ons/escort ;1
RT @chrislema: Newsletters in #WordPress - Use SendGrid or Mandrill http://goo.gl/ByWBF ;1
RT @freedomwalker77: Newsletters in WordPress - Use SendGrid or Mandrill http://goo.gl/ByWBF  via @chrislema;1
Sengrid ó Mandrill ??? suggestions?;1
TAH-DAH! http://jsfiddle.net/mandrill/wLTns/5/ … It now does what I wanted it to at this stage, tomorrow autoplay. #jquery;1
The Mandrill team dishes about building a status page to stand out among a sea of green check marks: http://eepurl.com/xTHgX ;1
The wisest mandrill in the jungle. Rafiki! 🌿 @ Disney's Animal Kingdom http://instagram.com/p/X-M_WcxtA7/ ;1
This week: move TDP to either DigitalOcean or Linode, switch mail services to Mandrill and provisioning to sunzi.;1
This week's release notes are up! More template options, quota changes and message prioritization: http://blog.mandrill.com/broader-templates-quota-control.html …;1
To Whom It May Concern: @WebPlatform (http://j.mp/10TOHxc ) and @mandrillapp (http://j.mp/10TOHxg ) have the same logo. That is all.;1
Transactional Email Services Review for Application Developers: Mandrill vs. SendGrid http://bit.ly/ZmRCsz ;1
Using Nullmailer and Mandrill for Your Ubuntu Server Outboud Mail http://dzone.com/DWQF  #linux;1
ValidationError from mandrill with google app engine's urlfetch http://pyq.io/so/16260022  #python;1
very impressed by the http://mandrill.com/  site - spotless product, marketing & pricing;1
We're unifying MailChimp and Mandrill data. Beware of hummingbirds with tiny cheetah heads. http://bit.ly/1035KIO ;1
We've simplified and reduced pricing for everyone. Hooray! http://blog.mandrill.com/new-simpler-pricing.html …;1
We’re Unifying Your Mandrill and MailChimp Data | MailChimp Email Marketing Blog http://bit.ly/Z0iBZM ;1
Whaaat, I didn't know @MailChimp had an email delivery api service thingy: @mandrillapp. Neat: http://www.mandrill.com/?utm_source=devcircle&utm_medium=banner&utm_campaign=carbon …;1
would like to send emails for welcome, password resets, payment notifications, etc. what should i use? was looking at mailgun/mandrill;1
Zapier Makes Mandrill Integration Easy | Mandrill Email Platform Blog http://buff.ly/XW8EzX  #lightweight #integration;1
¿En donde esta su remontada Mandrill?;0
.@Katie_PhD Alternate, 'reproachful mandrill' cover of @DavidQuammen's Spillover;0
".@theophani can i get ""drill"" in there? it would be a picture of a mandrill holding a drill. somethin.";0
“@ChrisJBoyland: Baby Mandrill Paignton Zoo 29th April 2013: http://youtu.be/QpjOffyLXGg?a via @YouTube”. This is just so cute!;0
“@MISSMYA #NameAnAmazingBand MANDRILL!” Mint Condition, Maroon 5, The Fray.;0
“Fat City Strut” by Mandrill is my new jam. http://t.thisismyjam.com/siftdigital/_5jl4tyj …;0
【SOUL TRAIN #22】1973年 MANDRILL 中古盤屋でインパクトのあるジャケットを良く見かけたが音を聴いたのはこの番組（95年）が初めて。少しチカーノが入ったファンキーロック・バンド。生演奏が熱い！ http://youtu.be/h9FI_ZoGFAQ ;0
@alicegreennn_ but how come you didn't have mandrill;0
@As_TomasRoncero a la mierda el mandrill tocate la polla;0
@Burnziey @sjsharkfinatic I have zach mandrill complaint how direct tv stop showing game;0
@charlie29598 #GreatJob #Mandrill;0
@JustDewYou @isma_longo tu no ables sapo que el mandrill pierde mañana;0
@Khamili_1015 @espsmile t'es vraiment idiot comme si elle comprenais les kr7 idiot , cancre , mandrill , babouin , bico!;0
"@mandrill ""The venue should be opening once the 150t of coffee beans has arrived""";0
@mandrill @CCP_Manifest @CCPGames don't go to Glasgow, it's a horrible dangerous place full of drunken vicious gits, oh wait, eve players...;0
@mandrill @CCPGames I hope they record the whole thing with high quality audio.;0
@mandrill @ccpgames Plus, we have a faint CCP Seagull in the background from the 2nd stream...;0
@mandrill @Freebooted probably try to corner the spice market and become a demigod by fusing with poorly-understood body modifications?;0
@mandrill @Freebooted. I want to say Heinlein but he'd just have a lot of clone orgies #tweetfleet;0
@mandrill @HilmarVeigar ZOMG Want that jacket;0
@mandrill @j_smedley is around here somewhere... He'd know.;0
"@mandrill @Kelduum @ReesNoturana @webspaceships @whistlerbean @MaxUrsa Hiding fleets behind moons sounds soo cool ;)";0
@mandrill @kelduum @webspaceships @whistlerbean @maxursa Too bad all these ideas means a fundamentally different game.;0
@mandrill @whistlerbean #eveonline we totally would!;0
@mandrill @Yara_Ash @Freebooted o/ we wish you were here!;0
"@mandrill About 5"" long or so.";0
@mandrill Ah seen. No, I meant Britain actually having a summertime lol Temporal shift not good :/;0
@mandrill ahh. I'd have to save for 10 years to go to ff, so imma just save for the CE instead :D;0
@mandrill and this is why I'm here :-);0
@mandrill Been trying to look up more of these places I read about or hear about but never see;0
@mandrill best thing ever!;0
@mandrill Cheers for the free proofing service - always good to have an extra set of eyes, although the GameSkinny editors are pretty sharp.;0
@mandrill coming soon!;0
@mandrill Do this with ship skins and alliance logos and I will throw my ENTIRE BANK ACCOUNT at CCP. You hear me @CCPGames? #tweetfleet;0
@mandrill HAGGIS VICTOR;0
"@mandrill I was just going to tweet you that lol #evefanfest ;)";0
@mandrill I wouldn't be surprised if there are typos though, gonna take a while for my brain to fully recover from Fanfest.;0
@mandrill In EVE, nothing is too far. :);0
@mandrill n! / ( k! * ( n - k )! ) where n = 5 and k = 4 CORRECTION;0
@mandrill Quite true. I'd kill for frigate / cruiser models.;0
@mandrill resubbed all four accounts, just can't stay away;0
"@mandrill Thanks mate, that means a lot - mainly that CCP's evil Fanfest brainwashing technology is as effective as ever. ;)";0
@mandrill u talking abt the CE?;0
@mandrill we have no one with amazing hair to rally around. Fortunately, we picked up a pink hat.;0
@mandrill We'd love to get your feedback! You can send us suggestions here: http://bit.ly/XYe0tL  ^B;0
@mandrill where?.. On twitch ?;0
@mandrill Winamp is still my choice for music. CCCP for video playback.;0
@mandrill Would've included that, but the 140 character limit prevented me. :(;0
@MISSMYA whatchu know about mandrill....wow;0
@Moloko_b @mandrill @CCP_Guard well... At least we have an additional method of diplomacy...;0
@MrChuckD Got a Mandrill t-shirt today, it came with a nice hand-written letter. Shop here, support good people! http://mandrillmusic.com/store-2 ;0
@NaattMarcos15 @RaquelTarari quevaaaaa por ser del mandrill no no si te pasaras a otro equipo si jaja LL;0
@namimaaaa mandrillってとこヾ(＠⌒ー⌒＠)ノ おしゃれだし、美容師さんも素敵(((o(*ﾟ▽ﾟ*)o)));0
@orgullobiri  po entonces para que coño a venido aqui que se hubiese ido al real mandrill castilla y que se hubiese pudrido de asco;0
@Ouhyeah84 ahora has evolucionado a mandrill!!!!;0
@pyrostinger That's a Mandrill!;0
@strangelocation @mandrill @ccp_guard And on that note, gl #CSM8 :p;0
@yrecruit_chris I like sendgrid, but Mandrill is great too.;0
@zptr @Freebooted @mandrill @kirithkodachi Probably need permission, you can't knit a Jayne hat anymore without threat of legal action.;0
#FF Happy Friday to some of our new followers! @Siriasly @jheanley @ThatMattT @JediLaura @psypsoft @PictureChanging @mandrill;0
#NameAnAmazinGBand Mandrill;0
#video:  Outside this Universe The Rainbow Mandrills video Christmas Mos Nicolae Original Song Santa Mandrill http://dlvr.it/3FSdp8 ;0
♥ღ ♫♥ Need to Park that Star on your page! ♥Ty! @frankierocker MANDRILL A VERY DIVERSE 70s GROUP W/BROOKLYN ROOT... ♫ http://blip.fm/~1eihrm ;0
a latten is a mandrill: gun-shy and numbing;0
a mandrill is a seedtime: crackbrained, not slicker;0
Adicionei como favorito um vídeo @YouTube de @smoothmcgroove http://youtu.be/hyx9-kWYjDI?a  Megaman X - Spark Mandrill Acapella;0
Adicionei como favorito um vídeo @YouTube de @smoothmcgroove http://youtu.be/hyx9-kWYjDI?a  Megaman X - Spark Mandrill Acapella;0
al carajo el mandrill!!!!!!!!!oleoleoleoleoeleoleoeeoleoeleoleole;0
Ala mandrill!!!jajajaja a mamarla hoy vosotrosss!!!;0
Also, don't get into a mandrill fight with Sam Sykes after 2AM. #wordstothewise He will make you google things you regret, forever.;0
An hispanic mandrill gets raucous original save his occupation near high entertainment industry lodge. in back o: .hru;0
And looks like a fat mandrill;0
Anyway, yeah.  That's a thing that's going on.  Reincarnated mandrill-men.  Expect nothing less from Sam Sykes.;0
Arin did the spark mandrill trick I was wondering if he would :');0
Audio: Mandrill - Happy Beat This is a funk song by a band who liked to wear hats and has a banjo in it. How... http://tmblr.co/Z3ocQyj_JGWB;0
Cannot believe I am the only one in a @mandrill 2012 #tweetfleet t-shirt at the meet!;0
Chill Penguin and Spark Mandrill down. #megamanx;0
Cuando pase el Bafici y se hayan perdido Mandrill, Mirageman, Mujer metralleta y Kiltro a mí no me lloren: http://www.youtube.com/watch?v=x-9CUFDUM_c …;0
De los creadores de #Kiltro #Mirageman y #Mandrill Ahora atacan con #TráiganmeLaCabezaDeLaMujerMetralleta TR http://youtu.be/RHqozwN1ZYI ;0
Did this producer sample Mandrill!? I KNOWWWWWWWW you ain't pay for this! BYE SON!;0
Don't knock asshats. Philip Treacy's new line of Mandrill Derrière Fascinators is sublime.;0
Don't know how to name your novel? I say, call it PURPLE MANDRILL COVERED IN FRECKLES: http://www.kseniaanske.com/blog/2013/4/8/naming-your-novel.html …;0
E essa do Mega Man X  (Spark Mandrill) - Muito show! http://fb.me/xquh7u1n ;0
Easiest Mega Man boss fights ever: Spark Mandrill, Junk Man, Spring Man, and Cut Man.;0
Esa tambien me gusta mucho *Escuchando Spark Mandrill por Mega Man X #nowplaying #musicmonday  http://grooveshark.com/s/Spark+Mandrill/2NjwQv?src=5 … vía @grooveshark;0
esta cancion sale cuando le disparan a Mandrill en la cabeza ( muere aparentemente ) y salen (@YouTube - http://youtu.be/6B6GwllebrM?a );0
Fencewalk is STOOPID RT @MISSMYA #NameAnAmazingBand MANDRILL!;0
Fernando Vargas MANDRILL MEXICAN PRIDE MMA;0
Get it get it get it get it goddamn! ♫ Can You Get It (Suzie Caesar) – Mandrill http://spoti.fi/TlEZyp  #Spotify;0
Git It All - Mandrill - Listen Now http://bit.ly/sylJDa;0
Git It All - Mandrill http://rdo.to/KZKO  #nowplaying #listenlive;0
Gooooooolllllll Del Mandrill;0
Gostei de um vídeo @YouTube de @franciscodanrl1 http://youtu.be/Gv98_b1EOIM?a  Megaman X Gameplay Parte #5 Spark Mandrill;0
Gostei de um vídeo @YouTube de @smoothmcgroove http://youtu.be/hyx9-kWYjDI?a  Megaman X - Spark Mandrill Acapella;0
Gostei de um vídeo @YouTube de @smoothmcgroove http://youtu.be/hyx9-kWYjDI?a  Megaman X - Spark Mandrill Acapella;0
Gostei de um vídeo @YouTube de @smoothmcgroove http://youtu.be/hyx9-kWYjDI?a  Megaman X - Spark Mandrill Acapella;0
Gostei de um vídeo @YouTube de @smoothmcgroove http://youtu.be/hyx9-kWYjDI?a  Megaman X - Spark Mandrill Acapella;0
Gostei de um vídeo @YouTube de @smoothmcgroove http://youtu.be/hyx9-kWYjDI?a  Megaman X - Spark Mandrill Acapella;0
Gostei de um vídeo @YouTube de @smoothmcgroove http://youtu.be/hyx9-kWYjDI?a Megaman X - Spark Mandrill Acapella;0
Guess the good mandrill's back! Rafiki is the name. 😁;0
HOY a las 12.35 h No se pierdan MANDRILL de Ernesto Díaz http://j.mp/YkekjO   en el @recoletamall 15 #BAFICI;0
I like pink butts and I cannot lie... Male #mandrill showing off his assets. @ Congo Gorilla Forest http://instagram.com/p/YaUp6vNfH_/ ;0
I liked a @YouTube video from @smoothmcgroove http://youtu.be/hyx9-kWYjDI?a  Megaman X - Spark Mandrill Acapella;0
I love the part in Lion King when the mandrill beats the shit out of the hyenas hahahahaha 👊🐒;0
I'm a Mandrill... Of course my inner animal has great hair likes to show off his toosh... #spiritanimal http://bit.ly/wrt54R ;0
I'm following @lostbhoy, @mandrill, @Girobabies, @bazzabhoy87, @Linda_Wilsonn and 2 others on @spreaker http://www.spreaker.com/user/joebone ;0
ich brauch'n einen chillig gejammten funky mother auf'n freitag abend :3 http://www.youtube.com/watch?v=i6Z_bkj5BBw … mandrill = musikalische götter.;0
Izasata Mandrill-Striker of Eldnoe rolls in to A Whirlpool and is overran by A Big Mind Flayer.;0
Jammin as I get ready to head out in a bit. ♫ Fencewalk – Mandrill http://spoti.fi/O2MhpA  #Spotify;0
Jayne Mandrill & Christopher Bream #animalcelebrities;0
Kaminsky manages toward exasperate an bugging in company with patrovita's reduce to order ruff mandrill rocca he:;0
Le mandrill se casse #instantchiale;0
Mandrill - Aspiration Flame;0
Mandrill - Mango Meat http://www.youtube.com/watch?v=3ohVxEaVQvI …;0
Mandrill Get It All 1973: http://youtu.be/h9FI_ZoGFAQ  via @youtube  funky gift from 1973!;0
Mandrill on Classic Soul Train: http://youtu.be/5qA4g3v1Uwc  via @youtube;0
"Meet new PUA artist ""Mandrill."" He's a monkey";0
Mega Man X's Spark Mandrill Theme, In An Amazing A Capella:  The spectacularly-bearded Smooth McGroove... http://bit.ly/XRoHj8  #kotaku;0
Megaman X - Spark Mandrill Acapella: http://youtu.be/hyx9-kWYjDI  @youtubeさんから;0
Megaman X - Spark Mandrill Acapella: http://youtu.be/hyx9-kWYjDI  THIS IS AMAZING HOLY SHIT;0
Megaman X - Spark Mandrill Acapella: http://youtu.be/hyx9-kWYjDI @youtubeさんから;0
Megaman X - Spark Mandrill Acapella: http://youtu.be/hyx9-kWYjDI @youtubeさんから　この人の選曲わかってる感;0
Megaman X fans, I grace you with an incredible Spark Mandrill a capella. http://www.youtube.com/watch?v=hyx9-kWYjDI …;0
My squad: half-Mandrill, half-Mandela/my band roll 70 deep just like Fela...;0
Nieuw in de verkoop bij Hoekstra&vanEck Mandrill 20, #Wognum €175.000 kosten koper http://bit.ly/17YwI8V ;0
One Reason is out! http://paper.li/mandrill/1354033093 … ▸ Top stories today via @Sifteo @BlackMajic_;0
Peter Mandrill Son #animalcelebrities;0
Please help my friend Kumba, the Mandrill, fix his broken leg. http://www.indiegogo.com  search Kumba;0
Que caritas de Gilipollas se le quedaron a los jugadores del Mandrill jajaja;0
Raj shahrukh shogun is an immature mandrill silent endowed with life despite his blood brother which wishes unti: .XzW;0
Silk by Mandrill: http://youtu.be/rtUYx7IF6JM via @youtube;0
Spark mandrill theme #nerdatwork;0
Spark Mandrill, toma Domecq!;0
Stand by Your Mandrill #AnimalSongs;0
Straight a mandrill as looses voluptuous jump at for his pair may discover fabrication problems.:;0
Stukkie stekst geschreven over muziek voor de minderheid en een Public Enemy original http://www.stpaul.nl/2013/04/mandrill-two-sisters-of-mystery/ …;0
Symphonic Revolutions - Mandrill http://rdo.to/WSJR  #nowplaying #listenlive;0
TAQUIPARIU @jurandirfilho olha isso: Mega Man X - Spark Mandrill Theme Acapella - http://www.youtube.com/watch?v=hyx9-kWYjDI …;0
The @TBobbyMitchell 7s cartoon character is live now in RFU online content. Spot him and win big prizes #7shunt #mandrill;0
The #drill & #mandrill were originally classed with #baboons, but have since been put into their own genus, 'Mandrillus'.;0
"The two songs in my head went like this: ""Devil in a new dress"" for the first half, ""Can you get it"" by Mandrill for the second half.";0
this little girl is a mandrill. Milwaukee County Zoo, March, 2013. http://twitpic.com/cawbaj ;0
Today's music choice: heavy metal cover of Mega Man X's Spark Mandrill theme. What the hell is a Mandrill? http://www.youtube.com/watch?v=XxC0VjiUQAQ …;0
Ushindi the mandrill can't get enough of the snow! Especially when it's covered in fruit + sunflower seeds: http://ow.ly/hYjcq  #FPZoo;0
Vamos atleti !!! Puta mandrill !!!!;0
Why Are Monkey Butts So Colorful?: Mandrill Wikimedia CommonsPlus, the best colored monkey but... http://bit.ly/ZGBN5d  #PopularScience;0
You can now experience the thrills of classic PC gaming with Mandrill Maze. http://mandrillmaze.tumblr.com/  Why? Ehh, I don't know.;0
ジャンルごった煮のバンド、Mandrillの75年作！オススメはOddiseeがサンプリングしたB3「Silk」メロウながらも力強いグルーヴの気持ちイイ1曲です。ジワジワ感が堪りません！Mandrill / Solid http://bit.ly/mTRifR ;0
パーカッシヴなビートに重厚なベースやスペイシーなシンセ等が絡むB1が◎な80年の好作！シッカリ打ったドラムながらもメロウなB4などもナイス！Mandrill / Getting In The Mood http://bit.ly/9y5E3f ;0
最近ではNottz feat Pete Rock / Turn It Upでも使われていたレア・グルーヴ/ブレイク・クラシック！Mandrill / Mango Meat http://bit.ly/VO4XG8 ;0